{
  "Ansi 5 Color" : {
    "Green Component" : 0.46274510025978088,
    "Red Component" : 0.46274510025978088,
    "Blue Component" : 0.46274510025978088
  },
  "Tags" : [

  ],
  "Ansi 12 Color" : {
    "Green Component" : 0.74117648601531982,
    "Red Component" : 0.59607845544815063,
    "Blue Component" : 0.36862745881080627
  },
  "Link Color" : {
    "Red Component" : 0.023,
    "Color Space" : "Calibrated",
    "Blue Component" : 0.67800000000000005,
    "Alpha Component" : 1,
    "Green Component" : 0.27000000000000002
  },
  "Ansi 7 Color" : {
    "Green Component" : 0.72156864404678345,
    "Red Component" : 0.81568628549575806,
    "Blue Component" : 0.63921570777893066
  },
  "Bold Color" : {
    "Green Component" : 0.89919352531433105,
    "Red Component" : 0.89919352531433105,
    "Blue Component" : 0.89919352531433105
  },
  "Ansi 8 Color" : {
    "Green Component" : 0.27843138575553894,
    "Red Component" : 0.27843138575553894,
    "Blue Component" : 0.27843138575553894
  },
  "Ansi 9 Color" : {
    "Green Component" : 0.46666666865348816,
    "Red Component" : 0.66274511814117432,
    "Blue Component" : 0.45882353186607361
  },
  "Guid" : "63C22CBF-19BC-47E5-8F8D-E4E8FB97EF8A",
  "Rows" : 25,
  "Default Bookmark" : "No",
  "Allow Title Reporting" : false,
  "Cursor Guide Color" : {
    "Red Component" : 0.65000000000000002,
    "Color Space" : "Calibrated",
    "Blue Component" : 1,
    "Alpha Component" : 0.25,
    "Green Component" : 0.91000000000000003
  },
  "Non-ASCII Anti Aliased" : true,
  "Use Bright Bold" : false,
  "Show Mark Indicators" : true,
  "Ansi 10 Color" : {
    "Green Component" : 0.54901963472366333,
    "Red Component" : 0.54901963472366333,
    "Blue Component" : 0.54901963472366333
  },
  "Use Cursor Guide" : false,
  "Ambiguous Double Width" : false,
  "Jobs to Ignore" : [
    "rlogin",
    "ssh",
    "slogin",
    "telnet"
  ],
  "Ansi 15 Color" : {
    "Green Component" : 0.78431373834609985,
    "Red Component" : 0.84705883264541626,
    "Blue Component" : 0.73333334922790527
  },
  "Foreground Color" : {
    "Green Component" : 0.62745100259780884,
    "Red Component" : 0.62745100259780884,
    "Blue Component" : 0.62745100259780884
  },
  "Working Directory" : "\/Users\/tino",
  "Use Tab Color" : false,
  "Blinking Cursor" : false,
  "Disable Window Resizing" : true,
  "Sync Title" : false,
  "Prompt Before Closing 2" : false,
  "BM Growl" : true,
  "Command" : "",
  "Description" : "Default",
  "Smart Cursor Color" : false,
  "Mouse Reporting" : true,
  "Screen" : -1,
  "Selection Color" : {
    "Green Component" : 0.30241936445236206,
    "Red Component" : 0.30241936445236206,
    "Blue Component" : 0.30241936445236206
  },
  "Columns" : 80,
  "Idle Code" : 0,
  "Ansi 13 Color" : {
    "Green Component" : 0.63921570777893066,
    "Red Component" : 0.63921570777893066,
    "Blue Component" : 0.63921570777893066
  },
  "Custom Command" : "No",
  "ASCII Anti Aliased" : true,
  "Non Ascii Font" : "Monaco 12",
  "Vertical Spacing" : 1,
  "Use Bold Font" : false,
  "Option Key Sends" : 0,
  "Selected Text Color" : {
    "Green Component" : 1,
    "Red Component" : 1,
    "Blue Component" : 1
  },
  "Background Color" : {
    "Green Component" : 0.13333334028720856,
    "Red Component" : 0.13333334028720856,
    "Blue Component" : 0.13333334028720856
  },
  "Character Encoding" : 4,
  "Ansi 11 Color" : {
    "Green Component" : 0.56862747669219971,
    "Red Component" : 0.66274511814117432,
    "Blue Component" : 0.45882353186607361
  },
  "Thin Strokes" : 1,
  "Use Italic Font" : true,
  "Unlimited Scrollback" : false,
  "Keyboard Map" : {
    "0xf700-0x260000" : {
      "Text" : "[1;6A",
      "Action" : 10
    },
    "0x37-0x40000" : {
      "Text" : "[27;5;55~",
      "Action" : 10
    },
    "0x32-0x40000" : {
      "Text" : "[27;5;50~",
      "Action" : 10
    },
    "0xf709-0x20000" : {
      "Text" : "[17;2~",
      "Action" : 10
    },
    "0xf70c-0x20000" : {
      "Text" : "[20;2~",
      "Action" : 10
    },
    "0xf729-0x20000" : {
      "Text" : "[1;2H",
      "Action" : 10
    },
    "0xf72b-0x40000" : {
      "Text" : "[1;5F",
      "Action" : 10
    },
    "0xf705-0x20000" : {
      "Text" : "[1;2Q",
      "Action" : 10
    },
    "0xf703-0x260000" : {
      "Text" : "[1;6C",
      "Action" : 10
    },
    "0xf700-0x220000" : {
      "Text" : "[1;2A",
      "Action" : 10
    },
    "0xf701-0x280000" : {
      "Text" : "0x1b 0x1b 0x5b 0x42",
      "Action" : 11
    },
    "0x38-0x40000" : {
      "Text" : "[27;5;56~",
      "Action" : 10
    },
    "0x33-0x40000" : {
      "Text" : "[27;5;51~",
      "Action" : 10
    },
    "0xf703-0x220000" : {
      "Text" : "[1;2C",
      "Action" : 10
    },
    "0xf701-0x240000" : {
      "Text" : "[1;5B",
      "Action" : 10
    },
    "0xf70d-0x20000" : {
      "Text" : "[21;2~",
      "Action" : 10
    },
    "0xf702-0x260000" : {
      "Text" : "[1;6D",
      "Action" : 10
    },
    "0xf729-0x40000" : {
      "Text" : "[1;5H",
      "Action" : 10
    },
    "0xf706-0x20000" : {
      "Text" : "[1;2R",
      "Action" : 10
    },
    "0x34-0x40000" : {
      "Text" : "[27;5;52~",
      "Action" : 10
    },
    "0xf700-0x280000" : {
      "Text" : "0x1b 0x1b 0x5b 0x41",
      "Action" : 11
    },
    "0x39-0x40000" : {
      "Text" : "[27;5;57~",
      "Action" : 10
    },
    "0x2d-0x40000" : {
      "Text" : "0x1f",
      "Action" : 11
    },
    "0xf70e-0x20000" : {
      "Text" : "[23;2~",
      "Action" : 10
    },
    "0xf702-0x220000" : {
      "Text" : "[1;2D",
      "Action" : 10
    },
    "0xf703-0x280000" : {
      "Text" : "0x1b 0x1b 0x5b 0x43",
      "Action" : 11
    },
    "0xf700-0x240000" : {
      "Text" : "[1;5A",
      "Action" : 10
    },
    "0xf707-0x20000" : {
      "Text" : "[1;2S",
      "Action" : 10
    },
    "0xf70a-0x20000" : {
      "Text" : "[18;2~",
      "Action" : 10
    },
    "0x35-0x40000" : {
      "Text" : "[27;5;53~",
      "Action" : 10
    },
    "0x30-0x40000" : {
      "Text" : "[27;5;48~",
      "Action" : 10
    },
    "0xf70f-0x20000" : {
      "Text" : "[24;2~",
      "Action" : 10
    },
    "0xf703-0x240000" : {
      "Text" : "[1;5C",
      "Action" : 10
    },
    "0xf701-0x260000" : {
      "Text" : "[1;6B",
      "Action" : 10
    },
    "0xf72b-0x20000" : {
      "Text" : "[1;2F",
      "Action" : 10
    },
    "0x36-0x40000" : {
      "Text" : "[27;5;54~",
      "Action" : 10
    },
    "0x31-0x40000" : {
      "Text" : "[27;5;49~",
      "Action" : 10
    },
    "0xf708-0x20000" : {
      "Text" : "[15;2~",
      "Action" : 10
    },
    "0xf701-0x220000" : {
      "Text" : "[1;2B",
      "Action" : 10
    },
    "0xf70b-0x20000" : {
      "Text" : "[19;2~",
      "Action" : 10
    },
    "0xd-0x40000" : {
      "Text" : "[1;2P",
      "Action" : 10
    },
    "0xf702-0x240000" : {
      "Text" : "[1;5D",
      "Action" : 10
    },
    "0xf704-0x20000" : {
      "Text" : "[1;2P",
      "Action" : 10
    }
  },
  "Cursor Boost" : 0,
  "Blink Allowed" : false,
  "Window Type" : 0,
  "Background Image Location" : "",
  "Blur" : false,
  "Badge Color" : {
    "Red Component" : 1,
    "Color Space" : "Calibrated",
    "Blue Component" : 0,
    "Alpha Component" : 0.5,
    "Green Component" : 0
  },
  "Scrollback Lines" : 1000,
  "Send Code When Idle" : false,
  "Close Sessions On End" : true,
  "Terminal Type" : "xterm-256color",
  "Visual Bell" : true,
  "Flashing Bell" : true,
  "Silence Bell" : false,
  "Ansi 14 Color" : {
    "Green Component" : 0.86274510622024536,
    "Red Component" : 0.86274510622024536,
    "Blue Component" : 0.86274510622024536
  },
  "Name" : "Default",
  "Cursor Text Color" : {
    "Green Component" : 0,
    "Red Component" : 0,
    "Blue Component" : 0
  },
  "Minimum Contrast" : 0.011422072784810127,
  "Shortcut" : "",
  "Cursor Color" : {
    "Green Component" : 0.56703799962997437,
    "Red Component" : 0.66486245393753052,